Time (TU),X (LU),Y (LU),Z (LU),VX (LU/TU),VY (LU/TU),VZ (LU/TU)
0,0.8320826982659779,-5.0504944068386e-28,0.12627309768411984,4.260900028132157e-15,0.24032671345901188,5.960168145892796e-15
0.0037916007583887173,0.8320841841750554,0.0009112146185476361,0.12627028829550488,0.0007837860227652354,0.24032012221633076,-0.001481896426039322
0.011629289981609598,0.832096675963771,0.00279458868580888,0.12624666985030514,0.002403767944966539,0.24026470993058519,-0.004544912778409779
0.019471161816222625,0.8321218794076548,0.00467831220698722,0.12619901515519277,0.004024013374772813,0.24015290562997735,-0.007608832405186734
0.027317470681694968,0.8321598099687294,0.00656200279909744,0.12612729072010567,0.005644168244769394,0.23998463175125928,-0.010673260085746206
0.03516838304204988,0.8322104809224696,0.008445255532917771,0.1260314650239091,0.007263858892757617,0.23975981584743536,-0.013737764773955644
0.04302406502192774,0.8322739034053379,0.010327663969288596,0.12591150840852783,0.008882710105610534,0.23947839032294604,-0.0168019138682865
0.050884672739935286,0.8323500862909586,0.012208817828301926,0.12576739329549044,0.010500343064344362,0.23914029291871985,-0.01986526947356374
0.058750357831055575,0.8324390361554124,0.014088304308161067,0.12559909423237334,0.012116376428372294,0.2387454667915162,-0.022927390597750487
0.06662126059375859,0.8325407571251937,0.01596570644877414,0.12540658815974842,0.013730424878856756,0.23829386110383782,-0.025987830532042795
0.0744975107916047,0.8326552507753714,0.01784060334031416,0.1251898545818797,0.015342099249434709,0.23778543138118527,-0.02904613722741496
0.08237922581487345,0.8327825159901104,0.019712569712558616,0.1249488758074801,0.01695100612538986,0.2372201400267215,-0.0321018526548346
0.09026650874388259,0.832922548803148,0.02158117551688071,0.12468363722747498,0.01855674743774761,0.23659795691569038,-0.03515451214339316
0.09815944676172195,0.8330753422264251,0.02344598560915631,0.12439412761447632,0.020158920145576333,0.2359188600336012,-0.0382036438717686
0.10605810804480585,0.8332408860303983,0.02530655909390274,0.12408033951337379,0.021757115629018296,0.23518283632088008,-0.04124876779246527
0.11396254568012841,0.83341916665902,0.027162450343729935,0.1237422693764498,0.02335092052327045,0.23438988191093296,-0.04428939728467533
0.1218727883865648,0.83361016685374,0.029013206933172175,0.12337991825017224,0.024939914904286303,0.23354000365480557,-0.04732503574201152
0.12978884390039871,0.8338138655259867,0.030858370581858852,0.1229932919915209,0.02652367306203189,0.23263321953482355,-0.05035517806829981
0.13771069345414,0.8340302374131765,0.03269747603528261,0.12258240189579771,0.028101762505545608,0.23166956003584116,-0.05337930877539187
0.14563829603020426,0.834259252974531,0.034530052251545554,0.12214726487053759,0.029673744950375235,0.23064906844439473,-0.05639690384903617
0.15357158277152855,0.8345008780220513,0.03635562132313049,0.12168790411381453,0.031239175365343902,0.22957180232333657,-0.059407428874979094
0.16151045635810388,0.834755073464766,0.03817369858956352,0.12120434957984312,0.03279760204541215,0.22843783448011978,-0.06241033909798505
0.16945479119278462,0.8350217950786216,0.039983792961499905,0.12069663839830677,0.03434856686950298,0.2272472538192243,-0.06540507981049297
0.1774044287566502,0.8353009931088983,0.04178540617514873,0.12016481561560378,0.03589160464612513,0.22600016694226033,-0.06839108494883431
0.18535918364224552,0.8355926122341126,0.04357803450535065,0.11960893425140154,0.03742624456992087,0.22469669813546264,-0.07136777973690892
0.19331883264911234,0.8358965909311119,0.04536116667334331,0.11902905650006981,0.03895200842412804,0.22333699203505694,-0.07433457699795822
0.20128312372183998,0.8362128615493758,0.04713428627199148,0.11842525358545486,0.04046841265662733,0.2219212131283595,-0.07729088093520388
0.20925177088542615,0.836541349885851,0.04889687105541847,0.11779760657249778,0.04197496777640366,0.22044954749246592,-0.08023608568723062
0.21722445497980516,0.8368819749731841,0.05064839356696593,0.11714620677780661,0.04347117890158636,0.2189222035868394,-0.08316957608038587
0.22520082029721641,0.8372346486984034,0.05238832089589458,0.11647115651074476,0.044956545569284016,0.2173394138156703,-0.08609072689731598
0.23318048343032202,0.8375992759673829,0.05411611712614238,0.11577256877662027,0.046430563849956814,0.21570143365203248,-0.08899890664027485
0.24116302743382972,0.8379757542533065,0.05583124257959374,0.11505056816466117,0.04789272572957229,0.21400854353596702,-0.09189347590498814
0.24914800286243194,0.8383639734423993,0.05753315459974915,0.11430529117525237,0.04934251981460855,0.2122610494544183,-0.0947737883083157
0.25713492875884153,0.8387638156964484,0.059221308337528415,0.11353688652245948,0.05077943204487613,0.21045928346058768,-0.09763919140264915
0.26512329629122927,0.8391751554728248,0.06089515810115223,0.11274551514130149,0.0522029468919976,0.2086036034990867,-0.10048902853580767
0.2731125702513964,0.839597859471696,0.0625541582431503,0.11193135034174194,0.05361254816838495,0.20669439357394642,-0.10332263992203487
0.28110219041274725,0.8400317865989402,0.06419776401842618,0.11109457794012488,0.05500771981716737,0.20473206386340717,-0.10613936365377875
0.2890915722610301,0.8404767879159463,0.06582543231431442,0.11023539642394023,0.0563879465992372,0.20271705091341616,-0.10893853648377039
0.2970801108818505,0.8409327067888346,0.06743662301881397,0.10935401673947384,0.057752715326829525,0.20064981694808778,-0.11171949569800727
0.3050671839778762,0.8413993790290502,0.069030800179211,0.10845066210223865,0.059101515922318396,0.19853084923559605,-0.11448158063874905
0.3130521570818995,0.8418766332015397,0.07060743356152302,0.10752556748870408,0.06043384281851813,0.19636065870919903,-0.11722413493634048
0.321034375874333,0.842364290188061,0.07216599764293707,0.10657898057866518,0.061749194193657646,0.19413978199503631,-0.11994650427986582
0.3290131850943267,0.8428621643764553,0.07370597581290826,0.10561115955095043,0.06304707560968391,0.19186877606229985,-0.12264804326645158
0.3369879215812527,0.8433700633423598,0.07522685941411972,0.10462237380516892,0.06432699929065974,0.18954821974223185,-0.12532811329938406
0.34495791460714126,0.8438877879627878,0.07672814823925311,0.10361290385529769,0.06558848463862252,0.18717871331077496,-0.12798608299993136
0.35292249762981753,0.8444151333036573,0.07820935312999595,0.1025830397180797,0.06683106051631559,0.18476087454415532,-0.13062133236620344
0.3608810084278636,0.8449518888110361,0.07966999628057463,0.10153308065720085,0.06805426559506436,0.18229533796179856,-0.13323325293251073
0.3688327874829982,0.8454978383866064,0.08110961121183144,0.10046333515975348,0.0692576484309211,0.17978275462219004,-0.1358212473379033
0.3767771854623827,0.8460527610970296,0.08252774437034087,0.09937411967501511,0.07044076890153717,0.17722378901940025,-0.13838473182510957
0.38471357055230365,0.8466164319295285,0.0839239565731656,0.0982657572566602,0.07160319950404706,0.17461911575734268,-0.14092313854501604
0.39264131883747094,0.8471886213664642,0.08529782140378031,0.0971385785258906,0.07274452411098441,0.1719694216844452,-0.14343591235997413
0.4005598222365032,0.8477690961914971,0.08664892671398364,0.09599292021918969,0.07386433931819358,0.16927540236157795,-0.14592251327604705
0.40846848914976747,0.8483576198039305,0.08797687476707293,0.09482912469994392,0.07496225465607845,0.16653776080126162,-0.14838241645517294
0.4163667532324109,0.8489539531543508,0.08928128368106565,0.09364753823844074,0.07603789387089754,0.16375720331575228,-0.15081511467930028
0.42425406934586457,0.8495578547459774,0.09056178664014523,0.09244851113378197,0.07709089435376615,0.16093443970270405,-0.15322011673537878
0.4321299063698525,0.8501690803610492,0.09181803065458749,0.09123239839021324,0.07812090620894446,0.1580701847473359,-0.15559694490298626
0.43999376391282125,0.8507873846310905,0.09304967913245324,0.08999955672713779,0.07912759445006443,0.1551651510982957,-0.15794513965029466
0.4478451625282379,0.8514125205817031,0.09425641010621075,0.08875034560710024,0.08011063761957483,0.1522200516082679,-0.1602642561996326
0.4556836461716231,0.8520442401055273,0.09543791643498797,0.08748512642060145,0.0810697280332319,0.14923559734250794,-0.16255386480923564
0.4635087808516583,0.8526822941320855,0.09659390538596602,0.08620426227328813,0.08200457151545769,0.1462124970131521,-0.16481354988801733
0.4713201615426569,0.8533264334692028,0.09772409940255625,0.08490811642115531,0.08291488809091183,0.14315145322760228,-0.16704291145567723
0.4791174052442704,0.8539764085143822,0.09882823478476159,0.08359705296882006,0.08380041098266926,0.14005316408197865,-0.16924156255357417
0.48690014563763606,0.854631969056678,0.09990606069632679,0.08227143739783413,0.08466088588999261,0.1369183243677942,-0.1714091272146005
0.49466804635619094,0.8552928656367059,0.10095734074543984,0.08093163394361695,0.08549607232114767,0.13374761933310758,-0.17354524360985496
0.50242078709667,0.8559588486222635,0.10198185075037394,0.07957800758386484,0.08630574187253971,0.13054172935087735,-0.17564955956844902
0.5101580693079877,0.856629668913486,0.10297937924681788,0.07821092273531877,0.08708967870259805,0.1273013268124952,-0.17772173358097304
0.5178796121701652,0.8573050778157959,0.10394972666640732,0.07683074363511998,0.08784767894831337,0.12402707701350062,-0.17976143311381537
0.5255851526341755,0.8579848272473952,0.1048927050702327,0.07543783404419915,0.08857955058433489,0.1207196374422887,-0.18176833404366288
0.5332744502853844,0.8586686703714507,0.10580813843530058,0.0740325560739351,0.08928511370469294,0.11737965498931156,-0.18374212130362294
0.5409472740904253,0.8593563606118979,0.10669586076526784,0.07261527233039701,0.08996419912439678,0.1140077710452695,-0.18568248485483926
0.5486033993339874,0.8600476515322703,0.10755571558520916,0.0711863463116225,0.0906166480822745,0.1106046224766019,-0.18758911846511386
0.5562426286561633,0.8607422988986863,0.10838755807548595,0.06974613827959635,0.09124231393263221,0.10717083182328666,-0.18946172441098075
0.5638647679269219,0.8614400586684066,0.10919125207954511,0.06829500954478446,0.09184105993632954,0.10370701753204019,-0.19130000686910975
0.5714696239634417,0.8621406869033725,0.10996666979219484,0.06683332280972677,0.09241275913430635,0.10021379484585702,-0.19310367100557835
0.5790570255671158,0.8628439418428596,0.11071369374796683,0.0653614379960308,0.09295729589916782,0.09669176589873574,-0.19487242750637976
0.5866267963271069,0.8635495815325357,0.11143221386703932,0.06387971733787456,0.09347456383737146,0.09314153196220305,-0.1966059856393288
0.5941787673309494,0.8642573651144507,0.112122128648888,0.062388522852382895,0.09396446676803744,0.08956368749773351,-0.19830405587146718
0.6017127655132696,0.8649670518539931,0.11278334399820758,0.06088821855389038,0.09442691798340261,0.0859588255801548,-0.19996634684468145
0.6092286276272685,0.8656784025639056,0.11341577441046177,0.05937916762241377,0.09486184118970456,0.08232753123102873,-0.20159256813570678
0.6167261858290634,0.8663911783596332,0.11401934161876891,0.0578617352061714,0.09526916965947518,0.07867038829451768,-0.2031824266992977
0.6242052707044093,0.867105141045955,0.11459397486317155,0.056336287794506903,0.09564884654306503,0.07498797810628005,-0.2047356272706194
0.6316657035704458,0.867820052482114,0.11513961032969627,0.05480319477451292,0.09600082462909926,0.07128088345077509,-0.20625187053795524
0.6391072986976462,0.8685356748879552,0.11565619143242349,0.05326282799600137,0.09632506668610664,0.06754968774849461,-0.20773085347869064
0.6465298669021964,0.8692517712900185,0.11614366913632375,0.05171556102694033,0.09662154580991784,0.06379497350262683,-0.2091722699101782
0.6539332052687715,0.8699681046322203,0.11660200136884742,0.05016177129666366,0.09689024521524117,0.06001732777527337,-0.21057580835549208
0.6613170973596872,0.8706844378913196,0.11703115325674814,0.04860184010009497,0.09713115857649023,0.05621734253168484,-0.21194115212344192
0.6686813148524623,0.8714005343370186,0.11743109743778349,0.04703615228892128,0.09734429040484349,0.052395614247915966,-0.21326797965721497
0.676025612978272,0.8721161571944627,0.11780181403830442,0.04546509727328293,0.09752965624540819,0.048552746747135465,-0.2145559637854225
0.6833497319444466,0.8728310698914143,0.11814329102799734,0.04388906876007087,0.09768728309446824,0.04468935099745112,-0.21580477213487298
0.6906533864571534,0.8735450351487694,0.11845552406114798,0.04230846705418494,0.09781720959624851,0.04080605123844787,-0.21701406558858305
0.6979362754955094,0.8742578160532049,0.11873851731521501,0.040723697006163656,0.09791948672166524,0.03690348048797332,-0.21818350028982106
0.705198068997457,0.8749691748814715,0.11899228334531665,0.03913517094188495,0.09799417803312988,0.03298228833010367,-0.21931272585739364
0.7124384143092201,0.8756788738641558,0.11921684383169692,0.0375433073135531,0.09804136034023182,0.029043138248169002,-0.22040138696885211
0.7196569414270962,0.8763866758427016,0.11941223015132797,0.03594852955929597,0.09806112420680826,0.025086705471640755,-0.22144912461921057
0.7268532350455131,0.8770923416794962,0.11957848312908728,0.03435127230042239,0.09805357443303325,0.0211136930985739,-0.2224555727050493
0.7340268664897124,0.8777956335493157,0.11971565448712844,0.03275197430903822,0.09801883076510044,0.017124815473187276,-0.22342036344994
0.7411773839295311,0.8784963141491122,0.11982380698944348,0.03115108062818579,0.09795702831185367,0.013120804253041175,-0.22434312658925487
0.7483042850023909,0.879194144195,0.11990301466402943,0.029549048695039267,0.09786831842848645,0.009102424666967729,-0.22522348680242868
0.7554070336115574,0.8798888842637133,0.11995336391485174,0.027946344598229034,0.09775286941388808,0.005070467243177173,-0.22606106721576405
0.7624850666671503,0.8805802956558825,0.11997495422402871,0.026343441501268286,0.0976108670339864,0.0010257449102546402,-0.22685549132455396
0.7695377860379655,0.8812681398220418,0.11996789873857719,0.024740821376453396,0.09744251525823083,-0.003030901523160802,-0.22760638322840146
0.7765647694847189,0.8819521991010525,0.11993232350083943,0.023138926755040194,0.09724803068608942,-0.007098724880906669,-0.22831338961062614
0.7835659712224491,0.8826322961835203,0.11986836163564964,0.021538113985938353,0.09702763249040539,-0.011177191674858715,-0.22897619327817006
0.7905405667410179,0.8833081819967064,0.11977616328436991,0.01993891713428246,0.09678157819177428,-0.015265309253005043,-0.22959440315795684
0.797487698003249,0.8839796087299349,0.1196558970886202,0.018341878698122923,0.09651014786819409,-0.019362052176799406,-0.2301676375047018
0.8044064823361285,0.8846463309833069,0.11950775069748674,0.016747547297030745,0.09621364430669593,-0.023466366667531276,-0.23069552636156593
0.8112960175007785,0.8853081065393372,0.11933193115573995,0.015156476188569386,0.09589239310571841,-0.02757717297528508,-0.23117771353064662
0.8181553711981789,0.8859646956393495,0.11912866565283782,0.013569225352245575,0.09554674344188056,-0.03169335850881948,-0.23161385750206614
0.8249835995836956,0.886615863043902,0.11889820148362508,0.01198635684689053,0.09517706741132814,-0.0358137883342536,-0.23200363444475905
0.8317797461180778,0.8872613781884926,0.11864080632683276,0.010408434670141882,0.09478376009105363,-0.03993730411383525,-0.2323467396371448
0.8385428491832728,0.8879010161646309,0.11835676815426663,0.008836022565114487,0.09436723903121745,-0.044062728412629044,-0.2326428893777299
0.8452719383461366,0.8885345576096567,0.11804639548608119,0.007269684442884441,0.09392794430075108,-0.048188862206888616,-0.23289182228308355
0.851966044781836,0.8891617899222033,0.11771001698445262,0.005709981497777857,0.09346633757347542,-0.05231449110656175,-0.2330933011877467
0.8586242125348852,0.8897825085177956,0.11734798072794891,0.004157469103954434,0.09298290088280792,-0.05643839233179092,-0.23324711469384124
0.8652454958417086,0.8903965167498418,0.11696065403703,0.002612696951368637,0.09247813618169921,-0.060559333234418374,-0.23335307812126524
0.8718289650173336,0.8910036266110978,0.11654842279749802,0.0010762071860704258,0.09195256422719794,-0.0646760751744963,-0.23341103465585733
0.8783737112288879,0.8916036592992304,0.11611169070081223,-0.0004514671891432151,0.09140672339981937,-0.06878737683733661,-0.23342085627877363
0.8848788608607595,0.8921964466206543,0.11565087765366364,-0.001969806145943525,0.09084116754017328,-0.07289200373472184,-0.23338244441595513
0.8913438472488074,0.8927818555548903,0.11516639800658494,-0.0034783664877898546,0.0902564397308563,-0.0769889014169415,-0.2332957255226408
0.8977679344884527,0.8933597447591201,0.11465869274608817,-0.00497667107960946,0.08965311196277617,-0.08107689604744416,-0.23316065276240303
0.9041503462317558,0.8939299766159806,0.11412822185130846,-0.00646423933204391,0.08903177476836242,-0.08515477475565715,-0.23297720969613706
0.9104903580559368,0.8944924256029754,0.1135754567209203,-0.007940609154748993,0.08839302785327707,-0.08922134473880333,-0.23274540966158938
0.9167872816470551,0.8950469768057604,0.1130008804234232,-0.009405333638077759,0.0877374802672344,-0.0932754240182158,-0.23246529607145444
0.9230404714643357,0.895593526428045,0.112404986139073,-0.010857982949853136,0.0870657484377209,-0.09731584654119513,-0.23213694215120462
0.9292493406133365,0.896131983049691,0.1117882745016574,-0.012298148327614467,0.08637845303483781,-0.10134147338198804,-0.2317604497179429
0.9354133389400789,0.8966622655605857,0.11115125453508076,-0.01372543726176558,0.0856762198980533,-0.10535117954920663,-0.23133594987838832
0.9415319768973859,0.8971843050543665,0.11049444011173988,-0.015139479267083433,0.0849596759628603,-0.10934387044329544,-0.23086360102274356
0.9476048127149963,0.8976980435093095,0.10981834999792295,-0.016539923101514725,0.08422944921666267,-0.11331847456149637,-0.23034358885127768
0.9536314545886704,0.8982034337590878,0.10912350644803889,-0.017926437436761256,0.08348616704096797,-0.11727394592605092,-0.22977612549121992
0.9596115566294554,0.8987004389199162,0.10841043450715354,-0.019298710056869832,0.08273045533194136,-0.1212092624297122,-0.22916144909197825
0.9655448334112652,0.8991890333439819,0.10767965908732567,-0.020656451286858894,0.08196293528453887,-0.12512343642667198,-0.22849982139453745
0.971431038407166,0.8996692005583591,0.10693170636899942,-0.021999389100607517,0.08118422477744808,-0.12901550155057318,-0.22779152895181712
0.9772699835944634,0.9001409345997242,0.10616710024447124,-0.02332727362990251,0.0803949345434091,-0.13288452663891998,-0.22703687989786342
0.9830615201309486,0.9006042381450541,0.10538636363797362,-0.024639872743848427,0.07959566946220537,-0.13672960393964526,-0.22623620513382586
0.9888055484534093,0.90105912304095,0.104590016147927,-0.025936974316011777,0.07878702603381624,-0.1405498567403547,-0.22538985599723488
0.9945020148762607,0.9015056097215531,0.10377857341662035,-0.027218385378298352,0.07796959167471487,-0.14434443805469527,-0.22449820346553748
1.000150910409682,0.9019437268049537,0.10295254626180522,-0.028483931754803356,0.07714394378225153,-0.1481125307454955,-0.22356163707414684
1.0057522628171842,0.9023735101715811,0.10211244087508399,-0.029733456164982332,0.07631064987281376,-0.1518533430989138,-0.22258056502328838
1.0113061504958218,0.902795003722777,0.10125875581669229,-0.03096682117872799,0.0754702645526536,-0.15556611893508457,-0.22155541051165537
1.0168126797059036,0.90320825732884,0.10039198455208434,-0.03218390397506878,0.07462333200283862,-0.15925012320906973,-0.22048661448002074
1.0222719985088902,0.9036133275961711,0.09951261252691485,-0.033384599270397185,0.07377038306413715,-0.16290465209288288,-0.21937463191618986
1.0276842937573256,0.904010277324482,0.09862111677120199,-0.03456881843155615,0.0729119348661535,-0.16652903170924796,-0.21821993097344286
1.0330497821284217,0.9043991745476204,0.09771796659873438,-0.035736487288981926,0.07204849150887974,-0.17012261282822716,-0.21702299353492133
1.038368713464919,0.90478009249537,0.09680362237708855,-0.03688754664559695,0.07118054288631286,-0.17368477376492863,-0.21578431329649014
1.0436413719226578,0.9051531093831366,0.09587853462866897,-0.0380219522689161,0.07030856386895894,-0.17721492177121007,-0.21450439412106237
1.048868071584843,0.9055183078114124,0.09494314412297776,-0.039139673672031736,0.06943301444546833,-0.18071249067770384,-0.2131837496749646
1.0540491463610764,0.9058757737971361,0.0939978831292973,-0.04024069169706217,0.06855434093578294,-0.18417693467780008,-0.21182290478361213
1.059184969358175,0.9062255978542898,0.09304317136326999,-0.04132500236532451,0.06767297227696237,-0.18760774178417847,-0.21042238914389044
1.0642759286319181,0.9065678730607437,0.09207941988065231,-0.04239261143119368,0.0667893237280034,-0.1910044180694722,-0.20898274235920175
1.0693224406615225,0.9069026957420491,0.0911070281491442,-0.043443536954329336,0.06590379424011304,-0.19436649709166234,-0.20750450914148197
1.0743249435941002,0.9072301647713982,0.09012638485948642,-0.04447780757230168,0.06501676731202026,-0.19769353575240736,-0.20598823987415488
1.0792838955709654,0.9075503812346494,0.08913786786495971,-0.045495461857848696,0.0641286110398556,-0.2009851135178557,-0.20443448991634894
1.0841997755157369,0.9078634482635931,0.08814184366397647,-0.046496548178434106,0.0632396777687463,-0.20424083323277628,-0.2028438181528919
1.089073079919441,0.9081694706193326,0.08713866771055456,-0.0474811237308894,0.06235030450063882,-0.20746031923515054,-0.20121678680857458
1.0939043211354373,0.9084685543897482,0.08612868448154373,-0.04844925389760311,0.06146081308399572,-0.2106432164448871,-0.1995539608930028
1.0986940258443454,0.9087608067106843,0.08511222755160959,-0.049401011643987254,0.06057151041472572,-0.21378918953444825,-0.1978559076536895
1.1034427389444572,0.9090463358235977,0.08408961853129082,-0.050336477987464545,0.05968268765656511,-0.21689792561647167,-0.1961231940841534
1.108151013362209,0.909325250289212,0.0830611690410911,-0.051255739681292475,0.058794622117530476,-0.2199691276595153,-0.19435638951746118
1.1128194190266187,0.9095976593698422,0.08202717861037702,-0.05215889068954601,0.0579075755815609,-0.2230025204296663,-0.19255606133860007
1.1174485332812183,0.9098636723101594,0.08098793661743245,-0.053046030019473556,0.05702179615072143,-0.22599784426084066,-0.19072277756361067
1.1220389404767668,0.9101233981890079,0.07994372231025938,-0.053917261387260274,0.05613751840927449,-0.22895485483465372,-0.18885710621864818
1.1265912352058796,0.9103769459792114,0.07889480399729207,-0.054772693566502974,0.055254962897863635,-0.23187332525929483,-0.18695961319201088
1.1311060208601822,0.9106244243405044,0.07784143928735887,-0.05561243983135205,0.05437433649473742,-0.23475304506980757,-0.18503086189444715
1.1355839051437304,0.9108659412618434,0.07678387608645174,-0.056436616855682936,0.05349583342161019,-0.23759381728520945,-0.18307141434746255
1.1400255010314895,0.911101604018338,0.07572235236922173,-0.05724534464903464,0.052619635215406434,-0.24039545894474912,-0.1810818300764304
1.1444314242297444,0.9113315189464376,0.07465709679086015,-0.05803874585400372,0.05174591140002059,-0.2431577994016862,-0.1790626665605467
1.1488022982655173,0.9115557916247561,0.07358832747092439,-0.05881694642447378,0.05087481865911463,-0.245880683379153,-0.17701447622333183
1.153138744719437,0.9117745262894977,0.07251625439282176,-0.059580073641904194,0.05000650297043071,-0.2485639647040243,-0.17493781029969016
1.1574413888987514,0.911987826063501,0.07144107808736222,-0.060328256921968,0.049141098689881944,-0.2512075097091053,-0.17283321567545684
1.161710858469564,0.9121957928196314,0.07036299001672348,-0.061061627349438194,0.04827872903596602,-0.25381119618172615,-0.17070123493291212
1.1659477784399255,0.9123985268819401,0.06928217392038664,-0.06178031661620019,0.04741950732882083,-0.25637491011899455,-0.1685424083639002
1.170152773749378,0.912596127110349,0.06819880527228632,-0.06248445729156524,0.04656353670574566,-0.2588985471502038,-0.16635727230354327
1.174326468165524,0.9127886908064822,0.06711305166615651,-0.06317418245524502,0.045710910583011216,-0.2613820116746931,-0.1641463592883671
1.1784694872003125,0.9129763138086533,0.06602507215957708,-0.06384962599821481,0.04486171229946977,-0.2638252183722706,-0.16191019610001067
1.182582451462866,0.9131590901541246,0.06493501912435976,-0.0645109213599556,0.044016016720071015,-0.26622808803624237,-0.15964930694943802
1.186665978081061,0.9133371121263554,0.06384303802801512,-0.06515820162830162,0.043173890199225594,-0.26859054825441525,-0.15736421251326904
1.1907206848869996,0.9135104704146673,0.06274926644661624,-0.0657916000523581,0.04233538996561767,-0.27091253560575496,-0.15505542730788
1.194747185038943,0.9136792538585562,0.061653835633853585,-0.06641124903997926,0.04150056547823491,-0.27319399230204344,-0.15272346241571771
1.1987460873163283,0.9138435494521533,0.06055687060311251,-0.0670172800865681,0.040669458618354755,-0.27543486617241947,-0.15036882517121405
1.2027179951583957,0.9140034422993517,0.05945849055442545,-0.06760982351789255,0.03984210414032965,-0.2776351099376751,-0.147992019598854
1.2066635092814306,0.9141590157153962,0.05835880831267786,-0.06818900877180926,0.03901852937455473,-0.2797946824628548,-0.1455935447255515
1.2105832270262074,0.9143103511926031,0.05725793065376765,-0.06875496417818731,0.03819875460560158,-0.2819135481419577,-0.14317389479112683
1.2144777402596196,0.9144575283171669,0.05615595905046655,-0.06930781654841915,0.03738279375269319,-0.2839916755338212,-0.1407335604231198
1.2183476335132073,0.9146006247066453,0.05505299037668201,-0.06984769083238729,0.036570655001787473,-0.2860290362053655,-0.1382730297902115
1.2221934904188825,0.914739716254762,0.05394911524337756,-0.07037471093417703,0.03576233969201236,-0.28802560793298054,-0.13579278448037457
1.2260158867864412,0.9148748768795215,0.05284442013057007,-0.07088899865556059,0.03495784399991135,-0.2899813708317619,-0.13329330383778
1.229815392269031,0.9150061785995381,0.051738987093913946,-0.07139067387013662,0.03415715882092074,-0.29189630808989064,-0.130775063956323
1.233592574218035,0.9151336916765692,0.050632892806914104,-0.07187985495779929,0.03336026918120803,-0.2937704077086034,-0.12823853511473512
1.2373479927786437,0.9152574844555664,0.04952621014852357,-0.07235665808360568,0.032567155490902784,-0.2956036598182516,-0.1256841850197483
1.241082203263556,0.9153776234604981,0.04841900767979991,-0.0728211974516805,0.031777793260163445,-0.29739605769505645,-0.12311247727294658
1.2447957528067652,0.9154941733026067,0.0473113508044511,-0.07327358483745215,0.03099215401835346,-0.299147595991905,-0.1205238737388647
1.2484891859973946,0.9156071968766052,0.0462033002611356,-0.07371393023503739,0.030210204329858745,-0.30085827326433,-0.11791883071999008
1.2521630423587986,0.9157167552912434,0.04509491302337384,-0.07414234148050271,0.029431906528336767,-0.3025280905417251,-0.1152978007164647
1.2558178524891588,0.9158229077741604,0.04398624363162832,-0.07455892376750456,0.028657219732535693,-0.3041570494407941,-0.11266123529347313
1.2594541437624043,0.915925711861909,0.042877342637945536,-0.07496378027992767,0.027886098831829825,-0.3057451546254574,-0.11000958113140141
1.263072437765804,0.9160252233400813,0.041768257533318955,-0.0753570118509827,0.027118495217030213,-0.30729241247138583,-0.10734328193937241
1.266673252572748,0.9161214963232981,0.040659032204935205,-0.07573871717293677,0.026354356481801816,-0.30879883187645085,-0.10466277688099405
1.2702570964691495,0.9162145831065838,0.03954970902326874,-0.07610899210251297,0.02559362793307995,-0.31026442149605254,-0.10196850536564639
1.2738244758180992,0.9163045343969434,0.038440326575600335,-0.0764679304749448,0.02483625109672566,-0.3116891929233877,-0.09926090134078197
1.2773758915481637,0.9163913992355752,0.037330920891497595,-0.07681562369593027,0.02408216463255362,-0.31307315904940647,-0.09654039600786196
1.2809118385461642,0.9164752250041964,0.03622152578377824,-0.07715216066659521,0.023331304629014518,-0.3144163337222964,-0.0938074184434072
1.2844328068911834,0.9165560574759811,0.03511217261110248,-0.0774776278897208,0.022583604502523363,-0.31571873212520524,-0.09106239481014562
1.287939282326953,0.9166339408445888,0.03400289027041311,-0.07779210949195348,0.021838995054217356,-0.3169803708200905,-0.08830574812689464
1.2914317450653519,0.9167089177161334,0.03289370571543168,-0.0780956870987926,0.021097404877025442,-0.31820126719712505,-0.0855378993563499
1.2949106717775427,0.9167810291715872,0.03178464346426499,-0.0783884399965853,0.02035876008185062,-0.31938144007263014,-0.08275926598947268
1.2983765341895592,0.9168503147539092,0.030675726179673166,-0.07867044499305627,0.019622984740918153,-0.3205209090745137,-0.07997026330631467
1.3018297968883599,0.9169168124466331,0.02956697551162137,-0.07894177624353435,0.018890001494683246,-0.32161969387888334,-0.07717130633672221
1.3052709243546023,0.9169805588297291,0.028458409974691574,-0.07920250580348476,0.018159730196564274,-0.3226778163869793,-0.07436280434299744
1.3087003746378354,0.9170415889719005,0.02735004710315064,-0.07945270310993453,0.017432089389694157,-0.3236952985687818,-0.0715451660849895
1.3121186017398865,0.917099936496126,0.026241902816823957,-0.07969243517102524,0.016706995931559766,-0.32467216316757924,-0.06871879807548804
1.3155260556989707,0.917155633598082,0.02513399151938678,-0.07992176656680058,0.01598436510348671,-0.32560843364186387,-0.06588410468169986
1.3189231828260588,0.9172087110665621,0.0240263261450386,-0.08014075946105666,0.015264110684656955,-0.3265041341519585,-0.0630414881012935
1.3223104286002776,0.9172591983415722,0.022918917332059353,-0.08034947377204756,0.014546144459574013,-0.3273592901982253,-0.06019134609285225
1.325688229430466,0.9173071234060107,0.021811776234704556,-0.08054796665798328,0.013830378082547152,-0.3281739264515142,-0.05733407907706616
1.3290570211835409,0.9173525129326259,0.02070491185832347,-0.08073629305983362,0.013116721384953194,-0.328948068912778,-0.05447008316694197
1.3324172388284494,0.9173953922841465,0.01959833128128525,-0.08091450564205226,0.01240508256409912,-0.3296817446138623,-0.0515997505889485
1.3357693114539078,0.9174357854608707,0.01849204140722646,-0.08108265451639474,0.011695369348700201,-0.3303749804209639,-0.04872347410237007
1.3391136631774394,0.917473715134161,0.017386048786825304,-0.08124078732433765,0.01098748891327438,-0.33102780331058584,-0.04584164644795208
1.3424507186124857,0.9175092027228119,0.01628035792172753,-0.08138894950231015,0.010281346826126844,-0.33164024140575116,-0.042954655821725786
1.3457808983084325,0.9175422683501618,0.015174972878472168,-0.08152718405298479,0.00957684811791931,-0.3322123229758576,-0.04006288996536522
1.3491046230176966,0.917572930898771,0.014069895980726237,-0.08165553172609023,0.008873896479913365,-0.3327440771283433,-0.03716673264463854
1.3524223059795146,0.9176012079490888,0.012965130480310262,-0.08177403071684362,0.008172395995035399,-0.33323553250481186,-0.03426657054792493
1.3557343627093923,0.9176271158813066,0.011860677408357109,-0.08188271705006285,0.007472249164546296,-0.3336867188189501,-0.0313627849408324
1.3590412049138447,0.9176506698284355,0.010756537701988167,-0.08198162434440182,0.006773358290523257,-0.3340976658283151,-0.028455757146533634
1.3623432407383143,0.9176718836933169,0.009652712228099937,-0.08207078384669948,0.006075625516860694,-0.33446840342609,-0.025545868529332907
1.365640877640553,0.9176907701785815,0.00854920092576689,-0.08215022452376305,0.005378952314255596,-0.3347989619745581,-0.022633498150256202
1.3689345237043262,0.9177073407971722,0.007446002464493968,-0.08221997307543663,0.004683239293866951,-0.3350893723141199,-0.019719021772309893
1.372224580583417,0.9177216058439118,0.00634311670710355,-0.08228005378621694,0.003988387787369707,-0.335339665101402,-0.016802818283796643
1.3755114528295593,0.9177335744503365,0.005240541684565317,-0.08233048873001537,0.003294297965007147,-0.33554987161972005,-0.013885261626923648
1.378795542387266,0.9177432545619673,0.004138275537460462,-0.08237129765115198,0.0026008700858559954,-0.3357200232437156,-0.01096672584696461
1.3820772489004542,0.9177506529494751,0.003036316511808127,-0.08240249799062006,0.0019080045193101487,-0.335850151510828,-0.008047585008115548
1.3853569719774117,0.9177557752208164,0.0019346622954519574,-0.08242410491915678,0.0012156013523893876,-0.33594028822361244,-0.005128211360584693
1.3886351099636562,0.9177586258220025,0.0008333105258401059,-0.08243613132502757,0.0005235607336688671,-0.3359904653654584,-0.002208976610258083
1.3919120609139815,0.9177592080424726,-0.00026774144096538676,-0.0824385878238256,-0.00016821724776488892,-0.33600071511032614,0.0007097487669958237
1.3951882219554286,0.9177575240176887,-0.0013684962211941696,-0.08243148275915742,-0.0008598323441915507,-0.3359710697967234,0.003627594778810603
1.3984647307481113,0.9177535735829128,-0.0024692053665035917,-0.08241481735986715,-0.0015515406002763847,-0.3359015416984308,0.00654485174482845
1.4017422379863147,0.9177473544661668,-0.003569956679816462,-0.08238858655470883,-0.002243495158277875,-0.3357921264202741,0.009461375968257298
1.4050211415618494,0.9177388632847214,-0.004670752784261819,-0.08235278318203179,-0.002935795609508537,-0.33564282047002214,0.01237679803945926
1.4083018374603298,0.9177280955090336,-0.005771595330860097,-0.08230739784550593,-0.0036285408758794583,-0.33545362066555606,0.01529074613566517
1.4115847213953328,0.9177150454617267,-0.0068724854539484155,-0.08225241892021898,-0.004321829470823197,-0.33522452417146864,0.018202847306070715
1.4148701910512498,0.917699706306617,-0.007973424429149549,-0.08218783251938161,-0.005015759888434083,-0.3349555283735578,0.021112729290090164
1.4181586471013217,0.9176820700352825,-0.00907441391765791,-0.08211362245335582,-0.00571043073366425,-0.3346466307238115,0.024020021235204355
1.4214504853355463,0.9176621275062093,-0.01017545323549356,-0.0820297704124239,-0.006405938973615379,-0.33429782951851095,0.02692434656573501
1.4247461103673014,0.9176398683634357,-0.011276543844922422,-0.08193625564517946,-0.007102382746663745,-0.33390912257923716,0.029825334918664993
1.4280459202743057,0.9176152811245257,-0.012377684121021281,-0.08183305535154155,-0.0077998580299149444,-0.3334805089086796,0.03272260842187115
1.4313503194083994,0.9175883530933089,-0.01347887353703202,-0.08172014434169486,-0.008498461257501378,-0.3330119872953287,0.03561579281273108
1.4346597108778412,0.9175590704058494,-0.01458011005596778,-0.08159749525735044,-0.00919828764227518,-0.33250355725735176,0.03850451065566519
1.4379745027755608,0.9175274179717852,-0.01568139210665349,-0.08146507835664614,-0.009899432401924615,-0.3319552181766718,0.041388386619640616
1.4412951016002105,0.9174933795251669,-0.016782716295098046,-0.08132286176037964,-0.010601989275704979,-0.33136697034746854,0.04426704156564571
1.4446219185194757,0.9174569375577436,-0.01788407938560315,-0.08117081120873498,-0.011306051755732668,-0.3307388139979606,0.047140097829650646
1.4479553649354011,0.9174180733542383,-0.018985476727158057,-0.08100889024717782,-0.012011712053879858,-0.3300707500904132,0.050007175201635515
1.4512958528237863,0.917376766985593,-0.020086902268847167,-0.08083706023857813,-0.012719061076510437,-0.3293627804008421,0.05286789108023862
1.4546437986579899,0.9173329972526294,-0.02118834975209131,-0.08065528017190024,-0.013428189156869167,-0.32861490676258914,0.05572186367657401
1.4579996232965213,0.9172867416700409,-0.022289812561466133,-0.08046350664240381,-0.014139185931734737,-0.32782713102176736,0.05856871171167243
1.461363745585386,0.9172379765441184,-0.023391281518800676,-0.08026169422230148,-0.014852138883837416,-0.32699945659472174,0.06140804882340433
1.4647365905112,0.9171866768513256,-0.024492747454150872,-0.08004979500798211,-0.01556713496493227,-0.32613188664237036,0.06423949033044248
1.4681185855751615,0.9171328162737367,-0.02559419990348681,-0.07982775882093379,-0.0162842597214867,-0.3252244249331419,0.06706264997418156
1.4715101598833575,0.9170763672038289,-0.026695626704969073,-0.07959553328297339,-0.017003596993020294,-0.32427707618546403,0.06987713901143587
1.4749117463840562,0.9170173006974552,-0.027797014617346065,-0.0793530636805181,-0.017725229275477067,-0.3232898455485568,0.07268256792845075
1.4783237818941228,0.9169555864579639,-0.028898349212010895,-0.07910029296054893,-0.018449237613586064,-0.3222627386240471,0.07547854628569924
1.4817467048172392,0.9168911928644825,-0.02999961402213934,-0.07883716190947002,-0.019175701000652145,-0.321195762228523,0.07826468069253581
1.4851809576615118,0.9168240869146895,-0.03110079124187346,-0.07856360898375356,-0.019904696793969223,-0.32008892373883924,0.08104057672976206
1.4886269881241547,0.9167542341862536,-0.0322018619512311,-0.07827957022130005,-0.020636300823769344,-0.31894223077095585,0.08380583964735294
1.4920852457839286,0.9166815988874354,-0.033302804936238814,-0.077984979517885,-0.02137058656671038,-0.317755692331797,0.08656007154191782
1.4955561857602093,0.9166061437683585,-0.03440359773654753,-0.07767976833893911,-0.022107625795287647,-0.3165293176881325,0.08930287414405662
1.4990402650702956,0.9165278301830843,-0.035504215363296614,-0.07736386604588726,-0.02284748767389256,-0.3152631177110086,0.09203384577523367
1.5025379457660701,0.9164466180080925,-0.03660463117183035,-0.07703719964272973,-0.02359023929115653,-0.3139571038840189,0.09475258369880125
1.5060496964557857,0.9163624655863125,-0.037704817204361626,-0.0766996936316252,-0.024335945846135628,-0.31261128775914143,0.09745868511622917
1.509575988721129,0.9162753297925524,-0.03880474292953906,-0.0763512703582945,-0.025084669746951928,-0.31122568236543413,0.100151744223749
1.513117293856126,0.9161851661069206,-0.03990437410977747,-0.07599185038545125,-0.02583646977468128,-0.3098003037041311,0.10283134966598484
1.5166740961311245,0.916091928263941,-0.041003676792119796,-0.0756213511778831,-0.026591403751930764,-0.3083351655481016,0.10549709446755608
1.520246876489141,0.9159955686505429,-0.042102612108678064,-0.07523968877637283,-0.02734952493057018,-0.3068302860960189,0.108148563559433
1.5238361275676735,0.9158960378978925,-0.04320114078511996,-0.07484677626419707,-0.028110885025247258,-0.3052856819170349,0.11078534492866664
1.5274423412085492,0.9157932851995174,-0.04429921915443499,-0.07444252511889096,-0.02887553140423133,-0.30370137329101216,0.11340702020395813
1.5310660185481928,0.915687258017715,-0.04539680210803643,-0.07402684414462166,-0.02964350906734336,-0.3020773800098547,0.11601317197445922
1.5347076612762867,0.9155779023167917,-0.0464938402909524,-0.07359964048331841,-0.03041485862609126,-0.3004137253357639,0.11860337732602481
1.5383677787530903,0.9154651623426208,-0.04759028211962849,-0.07316081884359785,-0.031189617642125064,-0.2987104329724496,0.12117721289113952
1.542046886987064,0.9153489806299894,-0.04868607330945346,-0.07271028163006409,-0.03196782023486569,-0.29696752756780376,0.12373425394049772
1.545745504022409,0.9152292981328181,-0.04978115535067861,-0.07224792954574445,-0.03274949592713902,-0.2951850370231498,0.12627407107999442
1.5494641526783774,0.9151060541301873,-0.05087546618935821,-0.07177366132147223,-0.03353467004358721,-0.29336299140058064,0.128796232144891
1.5532033656437148,0.9149791860394881,-0.05196894156486454,-0.07128737309771971,-0.03432336459877717,-0.29150142051775163,0.13130030553463223
1.556963675050501,0.9148486297512192,-0.0530615117935948,-0.07078895981048029,-0.035115595905793,-0.28960035921836236,0.13378585309989383
1.560745623270771,0.9147143192520736,-0.05415310477512166,-0.07027831384486345,-0.03591137665924869,-0.287659842156465,0.1362524373330326
1.5645497532663384,0.9145761869481366,-0.05524364303117754,-0.06975532636826405,-0.03671071370359422,-0.2856799088134248,0.13869961493635147
1.5683766146570137,0.9144341634456957,-0.05633304531624953,-0.06921988659108627,-0.037513609109976705,-0.2836606005924378,0.14112694081608657
1.5722267667907317,0.9142881774189495,-0.057421227310705744,-0.06867188137263068,-0.038320060610675374,-0.28160195926379794,0.14353396989985823
1.576100765296844,0.9141381561102343,-0.05850809765697969,-0.06811119719748594,-0.03913005857192348,-0.27950403429071985,0.1459202486945378
1.5799991776741595,0.9139840247371946,-0.059593562217930586,-0.06753771804266144,-0.03994358904778299,-0.27736687468673793,0.14828532508113546
1.5839225727552475,0.9138257068902207,-0.06067752094708699,-0.06695132696161618,-0.04076063135829173,-0.27519053482446737,0.15062874176995494
1.5878715231073544,0.9136631244449716,-0.06175986842563727,-0.066351905842516,-0.041581158376474865,-0.27297507335740373,0.15295003790151784
1.5918466122405863,0.9134961972609635,-0.06284049566993316,-0.0657393343897669,-0.04240513780187105,-0.27072054930203526,0.1552487532811407
1.5958484204969747,0.9133248437678163,-0.0639192861173784,-0.06511349236891642,-0.04323252900618339,-0.26842703014096336,0.15752442018691915
1.5998775373078442,0.9131489804614646,-0.06499611882230319,-0.0644742578352503,-0.04406328535161135,-0.26609458508158995,0.15977657061546366
1.60393455190121,0.9129685223088893,-0.06607086579854979,-0.06382150869081353,-0.044897352041778485,-0.2637232905389767,0.16200473109537505
1.608020059874446,0.9127833824757634,-0.06714339363947461,-0.06315512176456889,-0.04573466725108949,-0.2613132265216012,0.1642084265344112
1.6121346581006555,0.9125934725667055,-0.06821356202408313,-0.062474973749849505,-0.04657516084855567,-0.25886447976845517,0.16638717756934782
1.6162789483556192,0.9123987024799882,-0.06928122453386022,-0.06178094074238329,-0.047418754913421436,-0.25637714178095167,0.1685405027144894
1.620453534040751,0.9121989805795978,-0.07034622766396316,-0.06107289891290821,-0.04826536283720237,-0.2538513109289079,0.17066791681867155
1.624659019916682,0.9119942137386374,-0.07140841064122953,-0.06035072470494471,-0.049114889047567674,-0.2512870927981826,0.1727689312152343
1.6288960133985784,0.9117843073088309,-0.07246760563651863,-0.05961429476551163,-0.04996722904830414,-0.2486845995672919,0.17484305465254288
1.6331651235608249,0.9115691652027011,-0.07352363739491358,-0.05886348626766411,-0.050822268996307686,-0.24604395075647986,0.1768897930660553
1.6374669587456867,0.9113486900559911,-0.07457632254345134,-0.05809817749788564,-0.05167988500791644,-0.24336527486000234,0.17890864876786877
1.6418021274011299,0.9111227832359017,-0.0756254697167976,-0.057318247890481976,-0.052539943120883864,-0.2406487089882967,0.18089912125270385
1.6461712398264299,0.9108913447998617,-0.07667087988829172,-0.056523577887636976,-0.0534022994342795,-0.23789439789535294,0.1828607083594256
1.6505749012762356,0.9106542739176193,-0.07771234464290279,-0.05571405037793998,-0.054266798549629416,-0.23510249844310316,0.18479290358006967
1.6550137195235994,0.9104114685355075,-0.07874964792751785,-0.054889549516735726,-0.0551332748767135,-0.23227317494810829,0.18669519991451178
1.659488297015363,0.9101628258679638,-0.07978256414225084,-0.054049962366264026,-0.05600155091407982,-0.2294066042469383,0.18856708689397694
1.6639992327885345,0.9099082423785748,-0.0808108585808029,-0.05319517876659304,-0.05687143746778042,-0.22650297459104568,0.19040805201675065
1.6685471207981069,0.909647613962311,-0.08183428704059892,-0.05232509187453299,-0.057742733180464946,-0.22356248680169347,0.1922175806526548
1.6731325544027487,0.909380835779605,-0.0828525968258991,-0.051439597525557205,-0.05861522525082409,-0.22058535141785746,0.1939951583995414
1.6777561160576329,0.9091078029510666,-0.08386552445695479,-0.050538596443155274,-0.05948868734267866,-0.21757179540731209,0.19574026764847316
1.6824183850629335,0.9088284102205191,-0.08487279744429445,-0.049621992989855944,-0.06036288096369026,-0.21452205716867384,0.19745239130870385
1.6871199292480765,0.9085425525654267,-0.08587413253172448,-0.0486896970347863,-0.061237553815079615,-0.2114363919522079,0.19913101039151102
1.6918613096248876,0.9082501250497361,-0.08686923680117452,-0.047741623298855514,-0.062112440612650595,-0.20831506880433326,0.2007756065195577
1.69664307699184,0.9079510231636158,-0.08785780704698218,-0.04677769227897843,-0.0629872624155428,-0.20515837274162876,0.2023856614647803
1.7014657732427072,0.9076451428849203,-0.08883953017164122,-0.04579783024209927,-0.06386172685297238,-0.20196660381158874,0.20396065838520136
1.7063299223018091,0.907332381409634,-0.08981408150259501,-0.04480197133413516,-0.06473552650138809,-0.19874008299533558,0.2055000797284077
1.7112360407728917,0.9070126366406976,-0.09078112714718627,-0.043790055685681464,-0.06560834086506462,-0.19547914503393643,0.20700341159823865
1.7161846303655193,0.9066858078366545,-0.09174032264671947,-0.04276203121349897,-0.06647983507358697,-0.19218414327817218,0.2084701421397859
1.7211761701237507,0.9063517963173202,-0.09269131175054489,-0.04171785552473561,-0.06734965864759389,-0.18885545469174855,0.20989976029303234
1.726211132222853,0.9060105046060702,-0.09363372972840475,-0.040657492898210745,-0.06821744841776382,-0.18549346910834502,0.21129176137291014
1.731289962304509,0.9056618379433589,-0.09456719991693031,-0.039580918665329395,-0.06908282527895153,-0.1820986020915403,0.21264564239229544
1.7364130902121198,0.9053057037795217,-0.09549133610753407,-0.0384881172377692,-0.06994539629075298,-0.17867128749474775,0.213960906165343
1.741580923571885,0.9049420124296578,-0.09640574172058208,-0.0373790837296162,-0.07080475384235721,-0.175211981431614,0.21523706057858336
1.7467938498209887,0.904570677159186,-0.09731001057378857,-0.0362538237889714,-0.0716604763034697,-0.17172116057013073,0.21647362015421834
1.7520522307689197,0.9041916148028831,-0.09820372636379952,-0.035112355026697455,-0.07251212747790538,-0.16819932539065727,0.2176701057813481
1.7573564029269455,0.9038047459906048,-0.09908646322407562,-0.033954707208022246,-0.07335925707503231,-0.1646469995493949,0.2188260459377172
1.7627066789969312,0.9034099952867496,-0.09995778647519615,-0.03278092217075693,-0.074201401390981,-0.16106472843019343,0.2199409780705148
1.768103342373582,0.903007291847509,-0.10081725225501693,-0.031591055261798846,-0.07503808292628172,-0.15745308234287966,0.22101444847662063
1.7735466449750033,0.9025965698536624,-0.10166440779192376,-0.03038517605305936,-0.07586881061904727,-0.1538126574556441,0.22204601304812277
1.7790368087886368,0.9021777686688099,-0.10249879229664124,-0.029163368222364035,-0.07669308069886073,-0.15014407420690173,0.22303523872527264
1.7845740233524319,0.9017508333039213,-0.10331993723777477,-0.02792573031512669,-0.07751037695814623,-0.14644797840555923,0.2239817041188306
1.7901584459723203,0.9013157146781695,-0.10412736707620178,-0.02667237588419804,-0.07832017149011154,-0.1427250404719241,0.22488500063284853
1.7957901957289906,0.9008723703675255,-0.1049205991438658,-0.025403435008666646,-0.0791219245822105,-0.13897595878812236,0.22574473258463484
1.8014693580519527,0.900420764534104,-0.10569914509868973,-0.02411905342585736,-0.07991508620262529,-0.13520145597215033,0.22656051904744878
1.8071959749582853,0.8999608689860048,-0.10646251040474748,-0.022819394874889546,-0.08069909550481881,-0.13140228466330925,0.22733199350392702
1.8129700508696718,0.8994926630082528,-0.10721019603453953,-0.021504639906763406,-0.0814733825968679,-0.127579222911771,0.2280588058362064
1.8187915449666403,0.8990161342668858,-0.107941698384611,-0.020174987720177073,-0.08223736850059779,-0.12373307848038716,0.22874062241072252
1.8246603802100645,0.8985312783569838,-0.10865651137685342,-0.018830654177274184,-0.08299046739124294,-0.11986468209101303,0.22937712822036727
1.8305764240065852,0.8980381006752752,-0.1093541250726491,-0.0174718762769215,-0.08373208519839911,-0.11597489936456797,0.22996802577041225
1.8365395031335392,0.8975366154747433,-0.11003402858800734,-0.016098908768578828,-0.08446162272511715,-0.11206462011818244,0.23051303786166816
1.8425493995683528,0.8970268464679937,-0.110695710604809,-0.014712025094065998,-0.08517847628056445,-0.10813476027543832,0.23101190802751803
1.848605842018922,0.8965088278055563,-0.1113386595402079,-0.013311519307279456,-0.08588203792318522,-0.10418626652628836,0.23146440080375125
1.8547085089935411,0.8959826040765209,-0.11196236508140647,-0.011897705307574682,-0.08657169717632589,-0.10022011339154079,0.2318703030602215
1.8608570323902733,0.8954482302348166,-0.11256631970532371,-0.010470915908763196,-0.08724684276870273,-0.09623729998133583,0.23222942513011802
1.867050989825383,0.8949057724840757,-0.11315001907950142,-0.00903150448512079,-0.08790686314578065,-0.09223885405628603,0.23254160117032782
1.8732899100338447,0.8943553080172129,-0.1137129638048669,-0.007579843554113877,-0.08855114847923531,-0.08822582759186531,0.2328066903220462
1.87957326553593,0.8937969258509596,-0.11425465995993238,-0.006116326281945901,-0.08917909133557703,-0.08419930056345137,0.2330245771542148
1.8859004850129373,0.8932307258975156,-0.11477462140407797,-0.004641363367159843,-0.08979008937607276,-0.08016037206993268,0.23319517283891597
1.8922709458707652,0.8926568197598128,-0.11527237027347029,-0.0031553844993446583,-0.09038354600360503,-0.07611016421926324,0.23331841538814638
1.8986839815328544,0.892075330191918,-0.1157474387170603,-0.0016588363543193387,-0.09095887246269031,-0.07204981660278635,0.2333942702975712
1.9051388720524411,0.8914863920379592,-0.11619936931795401,-0.00015218444767118276,-0.09151548838072984,-0.0679804913889316,0.23342273080317072
1.9116348590011116,0.890890150944153,-0.11662771729073,0.0013640907073963764,-0.09205282446975,-0.06390336306980025,0.23340381835159124
1.9181712952958594,0.8902867495073356,-0.11703206038050112,0.002889528957171093,-0.09257033535105988,-0.05981952435867829,0.2333375805331466
1.924747570649333,0.8896763338365231,-0.11741199257291829,0.00442367345602568,-0.09306749258151475,-0.055730033963029835,0.23322408729709143
1.931362811021551,0.8890590814924764,-0.11776710794630989,0.005966000931983466,-0.0935437633592073,-0.051636102687545475,0.2330634367647173
1.9380161161480975,0.8884351796716217,-0.11809701748112147,0.007515977590836969,-0.09399863156185645,-0.04753894353143828,0.23285575490590696
1.9447065599229365,0.887804825071633,-0.1184013497264346,0.00907305967836251,-0.0944315987177583,-0.04343977099265589,0.23260119503337393
1.9514331935457214,0.8871682234740904,-0.11867975155292373,0.01063669469708359,-0.09484218510563437,-0.03933979872066424,0.23229993716020286
1.9581950513409363,0.8865255890456807,-0.11893188890903303,0.01220632324850843,-0.09522993090481634,-0.035240235634154925,0.23195218710187773
1.964991172658194,0.8858771420708291,-0.11915744792081655,0.013781384594988058,-0.09559439801770063,-0.031142272502702534,0.23155817438921691
1.9718205703603848,0.8852231117472666,-0.11935613399471241,0.015361309824444013,-0.09593516880289377,-0.027047100928550286,0.2311181529839423
1.9786822723746467,0.884563732000813,-0.11952767335780028,0.016945531947411857,-0.09625184871488598,-0.022955888275477104,0.23063239785084302
1.9855753129610216,0.8838992420625459,-0.11967181261548222,0.01853348430281591,-0.09654406593682294,-0.018869783186945682,0.23010120403120515
1.992498734269777,0.8832298860603508,-0.1197883186632172,0.020124601338082675,-0.0968114715502437,-0.01478991490564216,0.2295248852294902
1.999451596090197,0.8825559118070445,-0.11987697863613397,0.0217183212470895,-0.09705373990342114,-0.010717387862585588,0.22890377165467446
2.0064329711002555,0.8818775709812035,-0.11993759951336871,0.023314085247489548,-0.09727056830021981,-0.006653284908483664,0.22823820900748065
2.0134419641444414,0.8811951169710387,-0.11997000789130423,0.024911342326540742,-0.09746167737233541,-0.0025986566033965553,0.2275285552125896
2.020477707766181,0.880508805015625,-0.11997404931442432,0.02650954849946438,-0.0976268104678659,0.0014454754480842935,0.22677517916563594
2.027539357515273,0.8798188923783233,-0.11994958771058632,0.028108166010532423,-0.09776573310677146,0.0054781152139998885,0.2259784597546055
2.034627003784559,0.87912554882056,-0.11989649622935769,0.029706868879619205,-0.09787824532512807,0.009498807131532585,0.22513867396260703
2.0417401296616737,0.8784290070124395,-0.11981465929504335,0.031305193278625805,-0.09796414824116904,0.013506751965570812,0.22425616597041503
2.048878111802015,0.8777295135979609,-0.11970397604631139,0.032902652136364334,-0.09802325878889265,0.017501097335357516,0.2233312976815192
2.056040369606507,0.8770273144027338,-0.11956435924591302,0.0344987690169599,-0.09805541211356344,0.02148102209758922,0.22236443079844692
2.0632263495989163,0.8763226557514631,-0.11939573480823959,0.03609307467944856,-0.0980604607531237,0.025445726659959964,0.2213559276253908
2.070435529653981,0.8756157838517763,-0.11919804111938694,0.03768510807893931,-0.09803827406341628,0.029394434494651962,0.2203061495036668
2.0776674467112364,0.8749069418865887,-0.11897122747786654,0.039274422468749605,-0.09798873733177425,0.033326406272196976,0.2192154515770775
2.0849216417591077,0.8741963752301884,-0.11871525497020809,0.04086057325055208,-0.09791175129051709,0.037240908841448365,0.21808418988663578
2.0921976932774027,0.8734843280004363,-0.11843009500696673,0.04244312536099392,-0.09780723142907224,0.041137232746495084,0.2169127157503082
2.099495204191285,0.8727710441783173,-0.11811572917235295,0.04402165038343763,-0.09767510747613672,0.04501468431980362,0.21570137700969352
2.1068137994162477,0.8720567676963416,-0.11777214886703814,0.04559572600507579,-0.09751532292052863,0.04887258366524472,0.2144505178847216
2.114153137804982,0.8713417411314336,-0.11739935425399413,0.047164938547460136,-0.09732783418949123,0.05271027021106456,0.2131604763785315
2.121512895907025,0.8706262071587043,-0.11699735452939652,0.04872887941720295,-0.09711261043693092,0.05652709340573691,0.21183158653789042
2.1288927740205974,0.8699104078353636,-0.11656616722818187,0.05028714636150356,-0.09686963291709222,0.06032241525483494,0.2104641770376245
2.1362924946408053,0.8691945846355976,-0.11610581788473918,0.05183934307273725,-0.09659889451718794,0.06409560884949353,0.2090585710899861
2.143711794164181,0.868478979141348,-0.1156163401931529,0.05338507739299528,-0.09630039960963903,0.06784605354963757,0.20761508775882614
2.1511504206118013,0.8677638331479346,-0.11509777592911448,0.05492396082083169,-0.09597416381221208,0.07157313340017425,0.2061340423178967
2.158608143889145,0.8670493875714147,-0.11455017398298258,0.056455610596811014,-0.09562021318086719,0.0752762418186983,0.204615744111941
2.1660847431695234,0.8663358835626087,-0.11397359097618424,0.05797964704237878,-0.09523858439223523,0.07895477481343052,0.20306049897440046
2.173580003371293,0.8656235627365559,-0.11336809141050837,0.059495692840288064,-0.09482932468708487,0.08260812896844102,0.20146861004866445
2.1810937270372417,0.8649126659424643,-0.11273374656884298,0.06100337542355076,-0.09439249096705006,0.08623570694225206,0.19984037534311852
2.188625716225784,0.8642034348856561,-0.11207063585491221,0.06250232330103596,-0.09392815054350648,0.08983690838110875,0.19817609168378408
2.1961757777648865,0.8634961115202475,-0.111378846345431,0.06399216714997188,-0.09343638070678484,0.09341113236023908,0.19647605383020647
2.2037437276620095,0.8627909375362837,-0.1106584723114214,0.06547254069122978,-0.09291726824468038,0.09695777930093147,0.19474055365929607
2.2113293752917356,0.8620881557311512,-0.1099096166794835,0.06694307761458904,-0.09237091036232173,0.10047624344517883,0.19296988400899315
2.2189325277214778,0.8613880094816524,-0.10913239073351512,0.06840341252190621,-0.09179741437337542,0.10396591499963698,0.19116433808983188
2.226553000426664,0.8606907416462587,-0.10832691303633663,0.06985318303747101,-0.0911968967859864,0.10742618506072382,0.18932420723376017
2.234190594510941,0.8599965965404371,-0.10749331184167946,0.07129202552223524,-0.09056948497980623,0.11085643528003011,0.18744978667531617
2.241845110410992,0.8593058185455088,-0.1066317238047274,0.07271957781584114,-0.08991531615863996,0.11425604434023315,0.18554137270158005
2.2495163313933895,0.8586186534634602,-0.10574229596071139,0.07413547628197345,-0.08923453875676811,0.11762438085508095,0.18359926718153805
2.257204049074389,0.8579353460814849,-0.10482518294866999,0.07553936068387751,-0.08852731023036979,0.12096081492410052,0.18162377158989831
2.2649080268595863,0.8572561432925734,-0.10388055143339843,0.07693086761217549,-0.08779380035909044,0.12426470246330969,0.17961519674679832
2.2726280304384052,0.8565812912170376,-0.10290857669487413,0.07830963626532764,-0.08703418854130421,0.12753539892424523,0.17757385551450247
2.2803637978941915,0.8559110376652483,-0.10190944650540797,0.07967530326874839,-0.08624866672647223,0.1307722469800181,0.1755000711036226
2.2881150612811805,0.855245630059109,-0.10088335868419637,0.08102750679619357,-0.08543743743640737,0.13397458630484677,0.17339417194558704
2.295881533394505,0.854585316396577,-0.09983052299782358,0.08236588446828964,-0.08460071517690866,0.13714174859498954,0.17125649572556753
2.303662909551683,0.8539303448891973,-0.09875116119692583,0.08369007396578722,-0.08373872639847152,0.1402730590396198,0.16908738947297774
2.3114588660488287,0.853280963878249,-0.09764550748228883,0.08499971307470816,-0.08285170979548873,0.1433678364520593,0.16688721054069514
2.319269057349953,0.852637421840777,-0.09651380917095329,0.08629443955281152,-0.08193991677019102,0.14642539298760934,0.1646563279617609
2.3270931168455595,0.8519999670848889,-0.09535632686458376,0.0875738916235216,-0.08100361149969348,0.14944503535157466,0.16239512280530288
2.3349306643710785,0.8513688469017651,-0.094173333556436,0.08883770955235157,-0.08004307013619272,0.15242606856423757,0.16010398650788188
2.342781282886282,0.8507443091941556,-0.09296511837935573,0.09008553226270173,-0.07905858377477322,0.15536778803121365,0.15778332820176885
2.3506445486676726,0.8501265997840661,-0.09173198227655603,0.09131700260444281,-0.07805045486433916,0.1582694920308812,0.15543356639679576
2.3585200029219124,0.8495159644080311,-0.0904742425645326,0.09253176324185379,-0.0770190008476687,0.16113047208558756,0.1530551378387711
2.3664071726186444,0.8489126467938345,-0.08919222989601115,0.09372946036886859,-0.07596455160706207,0.16395002179182666,0.15064849178761575
2.3743055531145414,0.8483168897237313,-0.08788629121732901,0.09490974147113668,-0.07488745181287843,0.1667274316301111,0.14821409571237543
2.382214625343285,0.847728933430512,-0.08655678713691715,0.0960722583877566,-0.07378805868150731,0.16946199626065156,0.14575243046791417
2.3901338483619394,0.8471490158925845,-0.08520409323057937,0.09721666659737364,-0.07266674296456221,0.1721530129350788,0.14326399291149655
2.3980626609023763,0.8465773724325536,-0.08382859987354793,0.09834262588827923,-0.07152388872786303,0.1747997831741188,0.1407492957570352
2.406000477988111,0.8460142356704753,-0.08243071290083681,0.09944980032939606,-0.07035989381810923,0.17740161280858427,0.1382088689594006
2.41394670190468,0.8454598344577109,-0.0810108517141151,0.10053786024567256,-0.06917516820338196,0.1799578167376056,0.13564325647194098
2.421900713812317,0.8449143942027975,-0.07956945073039905,0.10160648145342166,-0.06797013509175683,0.18246771725338737,0.13305301912042886
2.429861890043928,0.8443781354887585,-0.07810695637172647,0.10265534784855372,-0.06674522832757857,0.18493065024978203,0.13043872944855497
2.437829591403221,0.8438512745792036,-0.07662382885286313,0.10368415029016044,-0.06550089379225982,0.18734596273486004,0.12780097524614434
2.4458031660457484,0.8433340229744738,-0.07512054153148688,0.10469258735235988,-0.0642375887743289,0.18971301474012583,0.12514035867414014
2.4537819616663463,0.8428265864049886,-0.07359757841070506,0.10568036717029475,-0.06295577978129627,0.1920311838029808,0.12245749217550475
2.461765317221845,0.842329165183516,-0.07205543543345785,0.10664720663704143,-0.06165594353586553,0.1942998632369017,0.11975300113493911
2.469752577397646,0.8418419531253275,-0.07049461740808087,0.10759283339256878,-0.06033856429736074,0.19651846696064693,0.11702751885334432
2.4777430840409993,0.8413651379468985,-0.06891563930657027,0.10851698493938478,-0.05900413486628249,0.19868642759024358,0.11428168923332808
2.485736188194329,0.8408989004150244,-0.06731902353074082,0.10941941019016507,-0.05765315419047146,0.20080320024270912,0.11151616242002375
2.493731246399109,0.8404434144854444,-0.06570530020964938,0.1102998690989811,-0.05628612753114962,0.20286826184819615,0.10873159575414991
2.5017276291429074,0.8399988467525161,-0.06407500505275023,0.11115813363231161,-0.054903564564686855,0.20488111360922978,0.10592865049437088
2.509724721228631,0.8395653564094396,-0.06242867877104712,0.11199398775648978,-0.05350597881263293,0.20684128115625816,0.10310799127542158
2.517721921769357,0.8391430952404414,-0.0607668665758169,0.11280722737134517,-0.05209388714344662,0.2087483145801564,0.10027028568957198
2.525718652708901,0.838732207190157,-0.059090115886312376,0.11359766106452462,-0.05066780775639968,0.2106017903913313,0.09741620081211509
2.533714356694069,0.8383328285398276,-0.057398976212156665,0.11436510970251769,-0.04922826001582141,0.21240131075217605,0.09454640345390261
2.541708503182701,0.8379450876819505,-0.05569399730678229,0.11510940680181438,-0.04777576282038132,0.21414650453955122,0.09166155746255408
2.5497005860248305,0.8375691053531984,-0.05397572911062485,0.11583039802615447,-0.04631083450026429,0.2158370263579133,0.08876232405936597
2.5576901260370257,0.8372049946324828,-0.05224472064906515,0.1165279411429786,-0.0448339918308767,0.21747255662824716,0.08584936038644515
2.5656766764465084,0.8368528608471772,-0.050501518292817536,0.1172019061618575,-0.04334574850656221,0.21905280210190103,0.0829233169806534
2.573659819693015,0.8365128018995176,-0.04874666589298147,0.11785217467482664,-0.04184661521892081,0.22057749450065114,0.07998483839162654
2.5816391706776978,0.8361849083139106,-0.04698070353601454,0.11847863973863673,-0.0403370985637794,0.22204639042420787,0.07703456145855025
2.589614378320294,0.8358692633884094,-0.045204166670337616,0.11908120556376675,-0.03881770027016417,0.22345927080077935,0.07407311420048068
2.5975851189291688,0.8355659436745777,-0.043417587085225376,0.11965978658338768,-0.037288918019834624,0.22481593887925236,0.07110111776973604
2.605551107295745,0.8352750187709624,-0.04162148995980504,0.12021430783853082,-0.03575124291108171,0.22611622130251827,0.06811918183566532
2.6135120899307536,0.8349965518373348,-0.03981639491046519,0.1207447039928616,-0.03420516034740125,0.22735996596197416,0.06512790661431254
2.62146784619712,0.834730599795875,-0.038002815312452656,0.12125091895064406,-0.03265114945597203,0.22854704126032996,0.0621278819950096
2.62941818445338,0.8344772137045127,-0.036181258785135686,0.12173290515168624,-0.031089683508209346,0.22967733461052364,0.05911968857037868
2.637362947774404,0.8342364388172312,-0.03435222551879375,0.1221906234662592,-0.02952122849534379,0.23075075233484993,0.056103895075507705
2.645302006724189,0.8340083150653365,-0.032516209591066214,0.12262404229285095,-0.027946244270937188,0.23176721768769187,0.053081060745504643
2.653235264693367,0.8337928771439815,-0.030673697429630754,0.12303313741001981,-0.02636518325112045,0.23272667063946426,0.0500517329407192
2.661162649824849,0.8335901549857385,-0.028825169402182892,0.1234178910955931,-0.02477849180127334,0.23362906593494515,0.04701644990153251
2.669084120825332,0.8334001738389566,-0.026971098219030765,0.12377829199899969,-0.023186608891878322,0.23447437291039436,0.04397573823749865
2.6769996579956534,0.8332229547236913,-0.025111950806434184,0.12411433429876612,-0.021589967736642818,0.23526257362655353,0.0409301160980146
2.6849092697045824,0.8330585144955335,-0.0232481866006126,0.12442601760555523,-0.019988994361069497,0.23599366274264577,0.03788009044988698
2.6928129846208826,0.8329068662353606,-0.0213802592044226,0.12471334624804228,-0.018384109061195177,0.23666764593522835,0.03482615985039498
2.7007108526897734,0.8327680194192036,-0.019508616021792335,0.12497632897655933,-0.01677572612857728,0.23728453928933707,0.03176881388745323
2.7086029445903863,0.8326419801215856,-0.01763369826749083,0.12521497860348105,-0.015164253899594617,0.23784436853375437,0.02870853322177238
2.7164893472667075,0.8325287512675462,-0.01575594193261928,0.1254293115514534,-0.013550095628238031,0.23834716805263728,0.025645791174317513
2.7243701650246854,0.8324283327753101,-0.013875777450678346,0.12561934760841836,-0.011933649243961245,0.23879298037488192,0.02258105317850763
2.7322455148597475,0.8323407217691164,-0.011993630755048579,0.12578510954921868,-0.010315308307066723,0.23918185534324504,0.01951477849066999
2.740115530526412,0.8322659126704097,-0.010109922266872049,0.12592662298657087,-0.008695461186007544,0.23951384981439403,0.01644741851691396
2.747980355316815,0.8322038974079669,-0.008225068594668759,0.12604391599595738,-0.007074492567288442,0.23978902682153502,0.01337941954949107
2.755840141410886,0.8321546655212749,-0.006339482680625461,0.12613701894130164,-0.0054527836308287635,0.24000745520113653,0.010311222962509341
2.763695048732965,0.832118204258567,-0.004453574074361136,0.12620596430933584,-0.0038307123354668774,0.2401692092332366,0.007243265609513088
2.771545245889901,0.832094498658102,-0.0025677487150549266,0.12625078657414338,-0.002208653281971454,0.24027436834583532,0.004175979416474317
2.7793909042512026,0.8320835316414616,-0.0006824103682269327,0.12627152203738373,-0.0005869789995064617,0.24032301675562945,0.0011097936619941934
2.782230429898453,0.8320826982682291,-6.092002987137524e-13,0.12627309768393555,4.234247175972927e-12,0.24032671345658657,-1.5068120362560222e-12